"","lfdn","c_0001","scenario","order","combi","link","value"
"1",28,1,"apples","FL","A","first",35
"2",56,1,"apples","FL","A","first",15
"3",61,1,"apples","FL","A","first",50
"4",133,1,"apples","FL","A","first",16
"5",148,1,"apples","FL","A","first",35
"6",195,1,"apples","FL","A","first",20
"7",197,1,"apples","FL","A","first",25
"8",262,1,"apples","FL","A","first",17
"9",276,1,"apples","FL","A","first",40
"10",323,1,"apples","FL","A","first",58
"11",355,1,"apples","FL","A","first",50
"12",390,1,"apples","FL","A","first",30
"13",452,1,"apples","FL","A","first",25
"14",494,1,"apples","FL","A","first",50
"15",28,1,"apples","FL","A","last",70
"16",56,1,"apples","FL","A","last",26
"17",61,1,"apples","FL","A","last",51
"18",133,1,"apples","FL","A","last",15
"19",148,1,"apples","FL","A","last",25
"20",195,1,"apples","FL","A","last",20
"21",197,1,"apples","FL","A","last",20
"22",262,1,"apples","FL","A","last",17
"23",276,1,"apples","FL","A","last",65
"24",323,1,"apples","FL","A","last",40
"25",355,1,"apples","FL","A","last",10
"26",390,1,"apples","FL","A","last",50
"27",452,1,"apples","FL","A","last",25
"28",494,1,"apples","FL","A","last",50
"29",9,2,"apples","LF","A","last",50
"30",45,2,"apples","LF","A","last",100
"31",75,2,"apples","LF","A","last",70
"32",128,2,"apples","LF","A","last",70
"33",154,2,"apples","LF","A","last",50
"34",177,2,"apples","LF","A","last",30
"35",221,2,"apples","LF","A","last",25
"36",257,2,"apples","LF","A","last",7
"37",264,2,"apples","LF","A","last",60
"38",313,2,"apples","LF","A","last",25
"39",361,2,"apples","LF","A","last",50
"40",384,2,"apples","LF","A","last",80
"41",418,2,"apples","LF","A","last",20
"42",439,2,"apples","LF","A","last",100
"43",9,2,"apples","LF","A","first",50
"44",45,2,"apples","LF","A","first",25
"45",75,2,"apples","LF","A","first",40
"46",128,2,"apples","LF","A","first",60
"47",154,2,"apples","LF","A","first",50
"48",177,2,"apples","LF","A","first",30
"49",221,2,"apples","LF","A","first",55
"50",257,2,"apples","LF","A","first",50
"51",264,2,"apples","LF","A","first",0
"52",313,2,"apples","LF","A","first",75
"53",361,2,"apples","LF","A","first",50
"54",384,2,"apples","LF","A","first",80
"55",418,2,"apples","LF","A","first",20
"56",439,2,"apples","LF","A","first",25
"57",26,3,"apples","FL","B","first",50
"58",50,3,"apples","FL","B","first",75
"59",94,3,"apples","FL","B","first",50
"60",118,3,"apples","FL","B","first",74
"61",142,3,"apples","FL","B","first",20
"62",176,3,"apples","FL","B","first",50
"63",200,3,"apples","FL","B","first",50
"64",258,3,"apples","FL","B","first",40
"65",277,3,"apples","FL","B","first",25
"66",327,3,"apples","FL","B","first",60
"67",369,3,"apples","FL","B","first",50
"68",393,3,"apples","FL","B","first",30
"69",402,3,"apples","FL","B","first",25
"70",441,3,"apples","FL","B","first",15
"71",492,3,"apples","FL","B","first",26
"72",26,3,"apples","FL","B","last",10
"73",50,3,"apples","FL","B","last",60
"74",94,3,"apples","FL","B","last",6
"75",118,3,"apples","FL","B","last",14
"76",142,3,"apples","FL","B","last",20
"77",176,3,"apples","FL","B","last",50
"78",200,3,"apples","FL","B","last",50
"79",258,3,"apples","FL","B","last",5
"80",277,3,"apples","FL","B","last",25
"81",327,3,"apples","FL","B","last",75
"82",369,3,"apples","FL","B","last",6
"83",393,3,"apples","FL","B","last",35
"84",402,3,"apples","FL","B","last",25
"85",441,3,"apples","FL","B","last",3
"86",492,3,"apples","FL","B","last",29
"87",33,4,"apples","LF","B","last",10
"88",63,4,"apples","LF","B","last",68
"89",71,4,"apples","LF","B","last",18
"90",72,4,"apples","LF","B","last",10
"91",156,4,"apples","LF","B","last",100
"92",208,4,"apples","LF","B","last",20
"93",227,4,"apples","LF","B","last",7
"94",302,4,"apples","LF","B","last",13
"95",331,4,"apples","LF","B","last",15
"96",341,4,"apples","LF","B","last",64
"97",397,4,"apples","LF","B","last",59
"98",432,4,"apples","LF","B","last",50
"99",451,4,"apples","LF","B","last",20
"100",33,4,"apples","LF","B","first",50
"101",63,4,"apples","LF","B","first",43
"102",71,4,"apples","LF","B","first",25
"103",72,4,"apples","LF","B","first",50
"104",156,4,"apples","LF","B","first",50
"105",208,4,"apples","LF","B","first",20
"106",227,4,"apples","LF","B","first",50
"107",302,4,"apples","LF","B","first",83
"108",331,4,"apples","LF","B","first",80
"109",341,4,"apples","LF","B","first",67
"110",397,4,"apples","LF","B","first",50
"111",432,4,"apples","LF","B","first",50
"112",451,4,"apples","LF","B","first",20
"113",49,5,"apples","FL","C","first",50
"114",101,5,"apples","FL","C","first",80
"115",120,5,"apples","FL","C","first",20
"116",174,5,"apples","FL","C","first",50
"117",201,5,"apples","FL","C","first",25
"118",249,5,"apples","FL","C","first",40
"119",281,5,"apples","FL","C","first",50
"120",342,5,"apples","FL","C","first",75
"121",389,5,"apples","FL","C","first",30
"122",411,5,"apples","FL","C","first",20
"123",49,5,"apples","FL","C","last",75
"124",101,5,"apples","FL","C","last",80
"125",120,5,"apples","FL","C","last",20
"126",174,5,"apples","FL","C","last",20
"127",201,5,"apples","FL","C","last",25
"128",249,5,"apples","FL","C","last",25
"129",281,5,"apples","FL","C","last",50
"130",342,5,"apples","FL","C","last",65
"131",389,5,"apples","FL","C","last",4
"132",411,5,"apples","FL","C","last",20
"133",16,6,"apples","LF","C","last",20
"134",64,6,"apples","LF","C","last",15
"135",80,6,"apples","LF","C","last",50
"136",125,6,"apples","LF","C","last",50
"137",152,6,"apples","LF","C","last",45
"138",199,6,"apples","LF","C","last",50
"139",251,6,"apples","LF","C","last",10
"140",300,6,"apples","LF","C","last",50
"141",335,6,"apples","LF","C","last",23
"142",343,6,"apples","LF","C","last",50
"143",357,6,"apples","LF","C","last",50
"144",413,6,"apples","LF","C","last",55
"145",453,6,"apples","LF","C","last",33
"146",483,6,"apples","LF","C","last",35
"147",16,6,"apples","LF","C","first",70
"148",64,6,"apples","LF","C","first",15
"149",80,6,"apples","LF","C","first",75
"150",125,6,"apples","LF","C","first",50
"151",152,6,"apples","LF","C","first",65
"152",199,6,"apples","LF","C","first",50
"153",251,6,"apples","LF","C","first",20
"154",300,6,"apples","LF","C","first",50
"155",335,6,"apples","LF","C","first",70
"156",343,6,"apples","LF","C","first",50
"157",357,6,"apples","LF","C","first",50
"158",413,6,"apples","LF","C","first",51
"159",453,6,"apples","LF","C","first",33
"160",483,6,"apples","LF","C","first",35
"161",30,7,"apples","FL","D","first",50
"162",47,7,"apples","FL","D","first",25
"163",79,7,"apples","FL","D","first",79
"164",97,7,"apples","FL","D","first",69
"165",138,7,"apples","FL","D","first",50
"166",172,7,"apples","FL","D","first",10
"167",216,7,"apples","FL","D","first",50
"168",235,7,"apples","FL","D","first",48
"169",309,7,"apples","FL","D","first",15
"170",334,7,"apples","FL","D","first",34
"171",339,7,"apples","FL","D","first",25
"172",367,7,"apples","FL","D","first",40
"173",419,7,"apples","FL","D","first",50
"174",440,7,"apples","FL","D","first",50
"175",30,7,"apples","FL","D","last",20
"176",47,7,"apples","FL","D","last",30
"177",79,7,"apples","FL","D","last",60
"178",97,7,"apples","FL","D","last",63
"179",138,7,"apples","FL","D","last",50
"180",172,7,"apples","FL","D","last",1
"181",216,7,"apples","FL","D","last",75
"182",235,7,"apples","FL","D","last",53
"183",309,7,"apples","FL","D","last",20
"184",334,7,"apples","FL","D","last",33
"185",339,7,"apples","FL","D","last",25
"186",367,7,"apples","FL","D","last",30
"187",419,7,"apples","FL","D","last",10
"188",440,7,"apples","FL","D","last",5
"189",31,8,"apples","LF","D","last",20
"190",60,8,"apples","LF","D","last",5
"191",68,8,"apples","LF","D","last",7
"192",117,8,"apples","LF","D","last",60
"193",157,8,"apples","LF","D","last",60
"194",192,8,"apples","LF","D","last",35
"195",247,8,"apples","LF","D","last",70
"196",285,8,"apples","LF","D","last",10
"197",322,8,"apples","LF","D","last",50
"198",374,8,"apples","LF","D","last",60
"199",378,8,"apples","LF","D","last",5
"200",414,8,"apples","LF","D","last",50
"201",445,8,"apples","LF","D","last",88
"202",461,8,"apples","LF","D","last",50
"203",31,8,"apples","LF","D","first",100
"204",60,8,"apples","LF","D","first",66
"205",68,8,"apples","LF","D","first",50
"206",117,8,"apples","LF","D","first",50
"207",157,8,"apples","LF","D","first",60
"208",192,8,"apples","LF","D","first",50
"209",247,8,"apples","LF","D","first",70
"210",285,8,"apples","LF","D","first",40
"211",322,8,"apples","LF","D","first",50
"212",374,8,"apples","LF","D","first",60
"213",378,8,"apples","LF","D","first",20
"214",414,8,"apples","LF","D","first",60
"215",445,8,"apples","LF","D","first",82
"216",461,8,"apples","LF","D","first",50
"217",22,9,"apples","FL","E","first",54
"218",52,9,"apples","FL","E","first",50
"219",95,9,"apples","FL","E","first",33
"220",108,9,"apples","FL","E","first",50
"221",161,9,"apples","FL","E","first",80
"222",175,9,"apples","FL","E","first",70
"223",185,9,"apples","FL","E","first",30
"224",263,9,"apples","FL","E","first",49
"225",289,9,"apples","FL","E","first",25
"226",301,9,"apples","FL","E","first",50
"227",364,9,"apples","FL","E","first",35
"228",392,9,"apples","FL","E","first",75
"229",433,9,"apples","FL","E","first",50
"230",438,9,"apples","FL","E","first",10
"231",22,9,"apples","FL","E","last",57
"232",52,9,"apples","FL","E","last",75
"233",95,9,"apples","FL","E","last",33
"234",108,9,"apples","FL","E","last",70
"235",161,9,"apples","FL","E","last",97
"236",175,9,"apples","FL","E","last",70
"237",185,9,"apples","FL","E","last",40
"238",263,9,"apples","FL","E","last",9
"239",289,9,"apples","FL","E","last",5
"240",301,9,"apples","FL","E","last",51
"241",364,9,"apples","FL","E","last",35
"242",392,9,"apples","FL","E","last",90
"243",433,9,"apples","FL","E","last",50
"244",438,9,"apples","FL","E","last",1
"245",53,10,"apples","LF","E","last",25
"246",107,10,"apples","LF","E","last",50
"247",115,10,"apples","LF","E","last",5
"248",131,10,"apples","LF","E","last",3
"249",184,10,"apples","LF","E","last",10
"250",212,10,"apples","LF","E","last",50
"251",241,10,"apples","LF","E","last",50
"252",286,10,"apples","LF","E","last",6
"253",310,10,"apples","LF","E","last",50
"254",366,10,"apples","LF","E","last",50
"255",386,10,"apples","LF","E","last",40
"256",415,10,"apples","LF","E","last",10
"257",467,10,"apples","LF","E","last",50
"258",470,10,"apples","LF","E","last",59
"259",53,10,"apples","LF","E","first",50
"260",107,10,"apples","LF","E","first",50
"261",115,10,"apples","LF","E","first",35
"262",131,10,"apples","LF","E","first",10
"263",184,10,"apples","LF","E","first",80
"264",212,10,"apples","LF","E","first",51
"265",241,10,"apples","LF","E","first",50
"266",286,10,"apples","LF","E","first",50
"267",310,10,"apples","LF","E","first",50
"268",366,10,"apples","LF","E","first",10
"269",386,10,"apples","LF","E","first",40
"270",415,10,"apples","LF","E","first",50
"271",467,10,"apples","LF","E","first",50
"272",470,10,"apples","LF","E","first",51
"273",8,11,"chemical","FL","A","first",38
"274",43,11,"chemical","FL","A","first",97
"275",86,11,"chemical","FL","A","first",50
"276",121,11,"chemical","FL","A","first",50
"277",132,11,"chemical","FL","A","first",53
"278",183,11,"chemical","FL","A","first",20
"279",224,11,"chemical","FL","A","first",40
"280",239,11,"chemical","FL","A","first",30
"281",268,11,"chemical","FL","A","first",95
"282",306,11,"chemical","FL","A","first",25
"283",371,11,"chemical","FL","A","first",25
"284",391,11,"chemical","FL","A","first",5
"285",435,11,"chemical","FL","A","first",45
"286",454,11,"chemical","FL","A","first",60
"287",462,11,"chemical","FL","A","first",35
"288",8,11,"chemical","FL","A","last",4
"289",43,11,"chemical","FL","A","last",40
"290",86,11,"chemical","FL","A","last",50
"291",121,11,"chemical","FL","A","last",50
"292",132,11,"chemical","FL","A","last",54
"293",183,11,"chemical","FL","A","last",8
"294",224,11,"chemical","FL","A","last",40
"295",239,11,"chemical","FL","A","last",10
"296",268,11,"chemical","FL","A","last",86
"297",306,11,"chemical","FL","A","last",70
"298",371,11,"chemical","FL","A","last",25
"299",391,11,"chemical","FL","A","last",1
"300",435,11,"chemical","FL","A","last",25
"301",454,11,"chemical","FL","A","last",56
"302",462,11,"chemical","FL","A","last",38
"303",38,12,"chemical","LF","A","last",3
"304",100,12,"chemical","LF","A","last",50
"305",150,12,"chemical","LF","A","last",28
"306",155,12,"chemical","LF","A","last",63
"307",240,12,"chemical","LF","A","last",10
"308",282,12,"chemical","LF","A","last",20
"309",304,12,"chemical","LF","A","last",50
"310",330,12,"chemical","LF","A","last",10
"311",379,12,"chemical","LF","A","last",57
"312",404,12,"chemical","LF","A","last",50
"313",450,12,"chemical","LF","A","last",80
"314",472,12,"chemical","LF","A","last",33
"315",38,12,"chemical","LF","A","first",50
"316",100,12,"chemical","LF","A","first",80
"317",150,12,"chemical","LF","A","first",50
"318",155,12,"chemical","LF","A","first",53
"319",240,12,"chemical","LF","A","first",70
"320",282,12,"chemical","LF","A","first",80
"321",304,12,"chemical","LF","A","first",50
"322",330,12,"chemical","LF","A","first",20
"323",379,12,"chemical","LF","A","first",87
"324",404,12,"chemical","LF","A","first",51
"325",450,12,"chemical","LF","A","first",90
"326",472,12,"chemical","LF","A","first",51
"327",14,13,"chemical","FL","B","first",50
"328",36,13,"chemical","FL","B","first",60
"329",78,13,"chemical","FL","B","first",50
"330",111,13,"chemical","FL","B","first",100
"331",149,13,"chemical","FL","B","first",50
"332",202,13,"chemical","FL","B","first",40
"333",226,13,"chemical","FL","B","first",25
"334",255,13,"chemical","FL","B","first",75
"335",307,13,"chemical","FL","B","first",100
"336",324,13,"chemical","FL","B","first",40
"337",365,13,"chemical","FL","B","first",60
"338",399,13,"chemical","FL","B","first",80
"339",444,13,"chemical","FL","B","first",50
"340",14,13,"chemical","FL","B","last",50
"341",36,13,"chemical","FL","B","last",60
"342",78,13,"chemical","FL","B","last",50
"343",111,13,"chemical","FL","B","last",80
"344",149,13,"chemical","FL","B","last",51
"345",202,13,"chemical","FL","B","last",30
"346",226,13,"chemical","FL","B","last",5
"347",255,13,"chemical","FL","B","last",15
"348",307,13,"chemical","FL","B","last",1
"349",324,13,"chemical","FL","B","last",50
"350",365,13,"chemical","FL","B","last",61
"351",399,13,"chemical","FL","B","last",50
"352",444,13,"chemical","FL","B","last",50
"353",7,14,"chemical","LF","B","last",10
"354",34,14,"chemical","LF","B","last",100
"355",87,14,"chemical","LF","B","last",30
"356",106,14,"chemical","LF","B","last",51
"357",163,14,"chemical","LF","B","last",80
"358",180,14,"chemical","LF","B","last",90
"359",211,14,"chemical","LF","B","last",10
"360",244,14,"chemical","LF","B","last",50
"361",246,14,"chemical","LF","B","last",50
"362",294,14,"chemical","LF","B","last",50
"363",305,14,"chemical","LF","B","last",50
"364",354,14,"chemical","LF","B","last",50
"365",401,14,"chemical","LF","B","last",50
"366",436,14,"chemical","LF","B","last",12
"367",7,14,"chemical","LF","B","first",30
"368",34,14,"chemical","LF","B","first",100
"369",87,14,"chemical","LF","B","first",25
"370",106,14,"chemical","LF","B","first",50
"371",163,14,"chemical","LF","B","first",30
"372",180,14,"chemical","LF","B","first",90
"373",211,14,"chemical","LF","B","first",40
"374",244,14,"chemical","LF","B","first",50
"375",246,14,"chemical","LF","B","first",50
"376",294,14,"chemical","LF","B","first",50
"377",305,14,"chemical","LF","B","first",50
"378",354,14,"chemical","LF","B","first",50
"379",401,14,"chemical","LF","B","first",50
"380",436,14,"chemical","LF","B","first",52
"381",10,15,"chemical","FL","C","first",25
"382",51,15,"chemical","FL","C","first",77
"383",73,15,"chemical","FL","C","first",50
"384",127,15,"chemical","FL","C","first",45
"385",134,15,"chemical","FL","C","first",28
"386",196,15,"chemical","FL","C","first",69
"387",203,15,"chemical","FL","C","first",50
"388",248,15,"chemical","FL","C","first",14
"389",278,15,"chemical","FL","C","first",50
"390",333,15,"chemical","FL","C","first",50
"391",350,15,"chemical","FL","C","first",100
"392",383,15,"chemical","FL","C","first",40
"393",426,15,"chemical","FL","C","first",50
"394",430,15,"chemical","FL","C","first",25
"395",487,15,"chemical","FL","C","first",30
"396",10,15,"chemical","FL","C","last",30
"397",51,15,"chemical","FL","C","last",50
"398",73,15,"chemical","FL","C","last",40
"399",127,15,"chemical","FL","C","last",10
"400",134,15,"chemical","FL","C","last",57
"401",196,15,"chemical","FL","C","last",69
"402",203,15,"chemical","FL","C","last",50
"403",248,15,"chemical","FL","C","last",14
"404",278,15,"chemical","FL","C","last",6
"405",333,15,"chemical","FL","C","last",25
"406",350,15,"chemical","FL","C","last",20
"407",383,15,"chemical","FL","C","last",20
"408",426,15,"chemical","FL","C","last",50
"409",430,15,"chemical","FL","C","last",100
"410",487,15,"chemical","FL","C","last",5
"411",6,16,"chemical","LF","C","last",3
"412",54,16,"chemical","LF","C","last",10
"413",67,16,"chemical","LF","C","last",50
"414",89,16,"chemical","LF","C","last",100
"415",136,16,"chemical","LF","C","last",34
"416",181,16,"chemical","LF","C","last",70
"417",217,16,"chemical","LF","C","last",20
"418",267,16,"chemical","LF","C","last",50
"419",297,16,"chemical","LF","C","last",33
"420",338,16,"chemical","LF","C","last",20
"421",373,16,"chemical","LF","C","last",7
"422",382,16,"chemical","LF","C","last",50
"423",405,16,"chemical","LF","C","last",25
"424",455,16,"chemical","LF","C","last",50
"425",6,16,"chemical","LF","C","first",50
"426",54,16,"chemical","LF","C","first",20
"427",67,16,"chemical","LF","C","first",70
"428",89,16,"chemical","LF","C","first",100
"429",136,16,"chemical","LF","C","first",33
"430",181,16,"chemical","LF","C","first",70
"431",217,16,"chemical","LF","C","first",50
"432",267,16,"chemical","LF","C","first",50
"433",297,16,"chemical","LF","C","first",80
"434",338,16,"chemical","LF","C","first",20
"435",373,16,"chemical","LF","C","first",73
"436",382,16,"chemical","LF","C","first",50
"437",405,16,"chemical","LF","C","first",25
"438",455,16,"chemical","LF","C","first",30
"439",17,17,"chemical","FL","D","first",50
"440",59,17,"chemical","FL","D","first",40
"441",96,17,"chemical","FL","D","first",50
"442",112,17,"chemical","FL","D","first",44
"443",145,17,"chemical","FL","D","first",20
"444",173,17,"chemical","FL","D","first",30
"445",222,17,"chemical","FL","D","first",50
"446",274,17,"chemical","FL","D","first",60
"447",317,17,"chemical","FL","D","first",65
"448",344,17,"chemical","FL","D","first",10
"449",370,17,"chemical","FL","D","first",50
"450",427,17,"chemical","FL","D","first",54
"451",493,17,"chemical","FL","D","first",50
"452",17,17,"chemical","FL","D","last",50
"453",59,17,"chemical","FL","D","last",49
"454",96,17,"chemical","FL","D","last",32
"455",112,17,"chemical","FL","D","last",63
"456",145,17,"chemical","FL","D","last",20
"457",173,17,"chemical","FL","D","last",20
"458",222,17,"chemical","FL","D","last",50
"459",274,17,"chemical","FL","D","last",50
"460",317,17,"chemical","FL","D","last",35
"461",344,17,"chemical","FL","D","last",20
"462",370,17,"chemical","FL","D","last",50
"463",427,17,"chemical","FL","D","last",57
"464",493,17,"chemical","FL","D","last",50
"465",18,18,"chemical","LF","D","last",90
"466",41,18,"chemical","LF","D","last",25
"467",90,18,"chemical","LF","D","last",80
"468",129,18,"chemical","LF","D","last",45
"469",137,18,"chemical","LF","D","last",64
"470",194,18,"chemical","LF","D","last",20
"471",198,18,"chemical","LF","D","last",25
"472",272,18,"chemical","LF","D","last",25
"473",280,18,"chemical","LF","D","last",50
"474",337,18,"chemical","LF","D","last",3
"475",348,18,"chemical","LF","D","last",50
"476",359,18,"chemical","LF","D","last",50
"477",428,18,"chemical","LF","D","last",70
"478",460,18,"chemical","LF","D","last",50
"479",471,18,"chemical","LF","D","last",70
"480",18,18,"chemical","LF","D","first",25
"481",41,18,"chemical","LF","D","first",50
"482",90,18,"chemical","LF","D","first",50
"483",129,18,"chemical","LF","D","first",50
"484",137,18,"chemical","LF","D","first",67
"485",194,18,"chemical","LF","D","first",50
"486",198,18,"chemical","LF","D","first",25
"487",272,18,"chemical","LF","D","first",21
"488",280,18,"chemical","LF","D","first",46
"489",337,18,"chemical","LF","D","first",50
"490",348,18,"chemical","LF","D","first",6
"491",359,18,"chemical","LF","D","first",50
"492",428,18,"chemical","LF","D","first",33
"493",460,18,"chemical","LF","D","first",50
"494",471,18,"chemical","LF","D","first",80
"495",74,19,"chemical","FL","E","first",50
"496",102,19,"chemical","FL","E","first",50
"497",139,19,"chemical","FL","E","first",50
"498",182,19,"chemical","FL","E","first",80
"499",271,19,"chemical","FL","E","first",80
"500",283,19,"chemical","FL","E","first",50
"501",316,19,"chemical","FL","E","first",50
"502",362,19,"chemical","FL","E","first",50
"503",385,19,"chemical","FL","E","first",50
"504",406,19,"chemical","FL","E","first",50
"505",466,19,"chemical","FL","E","first",20
"506",74,19,"chemical","FL","E","last",51
"507",102,19,"chemical","FL","E","last",6
"508",139,19,"chemical","FL","E","last",50
"509",182,19,"chemical","FL","E","last",100
"510",271,19,"chemical","FL","E","last",20
"511",283,19,"chemical","FL","E","last",50
"512",316,19,"chemical","FL","E","last",10
"513",362,19,"chemical","FL","E","last",50
"514",385,19,"chemical","FL","E","last",50
"515",406,19,"chemical","FL","E","last",6
"516",466,19,"chemical","FL","E","last",30
"517",21,20,"chemical","LF","E","last",25
"518",58,20,"chemical","LF","E","last",20
"519",151,20,"chemical","LF","E","last",75
"520",171,20,"chemical","LF","E","last",50
"521",213,20,"chemical","LF","E","last",25
"522",250,20,"chemical","LF","E","last",10
"523",291,20,"chemical","LF","E","last",33
"524",314,20,"chemical","LF","E","last",43
"525",360,20,"chemical","LF","E","last",20
"526",395,20,"chemical","LF","E","last",55
"527",463,20,"chemical","LF","E","last",10
"528",21,20,"chemical","LF","E","first",25
"529",58,20,"chemical","LF","E","first",30
"530",151,20,"chemical","LF","E","first",53
"531",171,20,"chemical","LF","E","first",50
"532",213,20,"chemical","LF","E","first",25
"533",250,20,"chemical","LF","E","first",30
"534",291,20,"chemical","LF","E","first",30
"535",314,20,"chemical","LF","E","first",29
"536",360,20,"chemical","LF","E","first",20
"537",395,20,"chemical","LF","E","first",54
"538",463,20,"chemical","LF","E","first",10
"539",40,21,"computer","FL","A","first",20
"540",66,21,"computer","FL","A","first",20
"541",91,21,"computer","FL","A","first",98
"542",165,21,"computer","FL","A","first",30
"543",178,21,"computer","FL","A","first",55
"544",219,21,"computer","FL","A","first",20
"545",232,21,"computer","FL","A","first",10
"546",259,21,"computer","FL","A","first",50
"547",311,21,"computer","FL","A","first",10
"548",376,21,"computer","FL","A","first",31
"549",381,21,"computer","FL","A","first",30
"550",431,21,"computer","FL","A","first",30
"551",458,21,"computer","FL","A","first",25
"552",40,21,"computer","FL","A","last",5
"553",66,21,"computer","FL","A","last",80
"554",91,21,"computer","FL","A","last",50
"555",165,21,"computer","FL","A","last",30
"556",178,21,"computer","FL","A","last",65
"557",219,21,"computer","FL","A","last",20
"558",232,21,"computer","FL","A","last",1
"559",259,21,"computer","FL","A","last",50
"560",311,21,"computer","FL","A","last",10
"561",376,21,"computer","FL","A","last",9
"562",381,21,"computer","FL","A","last",50
"563",431,21,"computer","FL","A","last",5
"564",458,21,"computer","FL","A","last",25
"565",29,22,"computer","LF","A","last",35
"566",37,22,"computer","LF","A","last",39
"567",93,22,"computer","LF","A","last",20
"568",123,22,"computer","LF","A","last",80
"569",147,22,"computer","LF","A","last",25
"570",191,22,"computer","LF","A","last",50
"571",225,22,"computer","LF","A","last",20
"572",242,22,"computer","LF","A","last",56
"573",279,22,"computer","LF","A","last",50
"574",332,22,"computer","LF","A","last",100
"575",356,22,"computer","LF","A","last",52
"576",375,22,"computer","LF","A","last",50
"577",412,22,"computer","LF","A","last",40
"578",29,22,"computer","LF","A","first",33
"579",37,22,"computer","LF","A","first",39
"580",93,22,"computer","LF","A","first",61
"581",123,22,"computer","LF","A","first",97
"582",147,22,"computer","LF","A","first",35
"583",191,22,"computer","LF","A","first",10
"584",225,22,"computer","LF","A","first",49
"585",242,22,"computer","LF","A","first",50
"586",279,22,"computer","LF","A","first",50
"587",332,22,"computer","LF","A","first",50
"588",356,22,"computer","LF","A","first",34
"589",375,22,"computer","LF","A","first",65
"590",412,22,"computer","LF","A","first",40
"591",23,23,"computer","FL","B","first",30
"592",46,23,"computer","FL","B","first",45
"593",76,23,"computer","FL","B","first",20
"594",104,23,"computer","FL","B","first",24
"595",130,23,"computer","FL","B","first",10
"596",190,23,"computer","FL","B","first",30
"597",204,23,"computer","FL","B","first",75
"598",245,23,"computer","FL","B","first",25
"599",266,23,"computer","FL","B","first",26
"600",318,23,"computer","FL","B","first",50
"601",329,23,"computer","FL","B","first",21
"602",394,23,"computer","FL","B","first",75
"603",407,23,"computer","FL","B","first",5
"604",468,23,"computer","FL","B","first",30
"605",469,23,"computer","FL","B","first",50
"606",23,23,"computer","FL","B","last",40
"607",46,23,"computer","FL","B","last",56
"608",76,23,"computer","FL","B","last",50
"609",104,23,"computer","FL","B","last",30
"610",130,23,"computer","FL","B","last",30
"611",190,23,"computer","FL","B","last",30
"612",204,23,"computer","FL","B","last",84
"613",245,23,"computer","FL","B","last",2
"614",266,23,"computer","FL","B","last",75
"615",318,23,"computer","FL","B","last",50
"616",329,23,"computer","FL","B","last",19
"617",394,23,"computer","FL","B","last",20
"618",407,23,"computer","FL","B","last",50
"619",468,23,"computer","FL","B","last",40
"620",469,23,"computer","FL","B","last",60
"621",27,24,"computer","LF","B","last",1
"622",84,24,"computer","LF","B","last",25
"623",126,24,"computer","LF","B","last",40
"624",140,24,"computer","LF","B","last",25
"625",168,24,"computer","LF","B","last",30
"626",218,24,"computer","LF","B","last",15
"627",275,24,"computer","LF","B","last",50
"628",290,24,"computer","LF","B","last",33
"629",315,24,"computer","LF","B","last",26
"630",351,24,"computer","LF","B","last",40
"631",388,24,"computer","LF","B","last",21
"632",420,24,"computer","LF","B","last",25
"633",465,24,"computer","LF","B","last",32
"634",27,24,"computer","LF","B","first",10
"635",84,24,"computer","LF","B","first",25
"636",126,24,"computer","LF","B","first",40
"637",140,24,"computer","LF","B","first",25
"638",168,24,"computer","LF","B","first",30
"639",218,24,"computer","LF","B","first",60
"640",275,24,"computer","LF","B","first",50
"641",290,24,"computer","LF","B","first",33
"642",315,24,"computer","LF","B","first",71
"643",351,24,"computer","LF","B","first",30
"644",388,24,"computer","LF","B","first",25
"645",420,24,"computer","LF","B","first",25
"646",465,24,"computer","LF","B","first",33
"647",24,25,"computer","FL","C","first",55
"648",32,25,"computer","FL","C","first",70
"649",81,25,"computer","FL","C","first",90
"650",141,25,"computer","FL","C","first",50
"651",169,25,"computer","FL","C","first",35
"652",206,25,"computer","FL","C","first",30
"653",253,25,"computer","FL","C","first",20
"654",308,25,"computer","FL","C","first",25
"655",312,25,"computer","FL","C","first",20
"656",368,25,"computer","FL","C","first",80
"657",377,25,"computer","FL","C","first",70
"658",442,25,"computer","FL","C","first",93
"659",486,25,"computer","FL","C","first",30
"660",24,25,"computer","FL","C","last",55
"661",32,25,"computer","FL","C","last",5
"662",81,25,"computer","FL","C","last",60
"663",141,25,"computer","FL","C","last",50
"664",169,25,"computer","FL","C","last",30
"665",206,25,"computer","FL","C","last",5
"666",253,25,"computer","FL","C","last",2
"667",308,25,"computer","FL","C","last",40
"668",312,25,"computer","FL","C","last",24
"669",368,25,"computer","FL","C","last",50
"670",377,25,"computer","FL","C","last",60
"671",442,25,"computer","FL","C","last",99
"672",486,25,"computer","FL","C","last",30
"673",13,26,"computer","LF","C","last",40
"674",55,26,"computer","LF","C","last",70
"675",83,26,"computer","LF","C","last",30
"676",114,26,"computer","LF","C","last",25
"677",144,26,"computer","LF","C","last",35
"678",188,26,"computer","LF","C","last",5
"679",210,26,"computer","LF","C","last",68
"680",256,26,"computer","LF","C","last",40
"681",293,26,"computer","LF","C","last",70
"682",326,26,"computer","LF","C","last",32
"683",398,26,"computer","LF","C","last",20
"684",400,26,"computer","LF","C","last",75
"685",447,26,"computer","LF","C","last",65
"686",13,26,"computer","LF","C","first",46
"687",55,26,"computer","LF","C","first",75
"688",83,26,"computer","LF","C","first",30
"689",114,26,"computer","LF","C","first",30
"690",144,26,"computer","LF","C","first",80
"691",188,26,"computer","LF","C","first",50
"692",210,26,"computer","LF","C","first",56
"693",256,26,"computer","LF","C","first",40
"694",293,26,"computer","LF","C","first",20
"695",326,26,"computer","LF","C","first",56
"696",398,26,"computer","LF","C","first",25
"697",400,26,"computer","LF","C","first",20
"698",447,26,"computer","LF","C","first",65
"699",19,27,"computer","FL","D","first",84
"700",44,27,"computer","FL","D","first",40
"701",98,27,"computer","FL","D","first",50
"702",99,27,"computer","FL","D","first",20
"703",166,27,"computer","FL","D","first",30
"704",187,27,"computer","FL","D","first",25
"705",215,27,"computer","FL","D","first",26
"706",231,27,"computer","FL","D","first",15
"707",292,27,"computer","FL","D","first",20
"708",325,27,"computer","FL","D","first",100
"709",347,27,"computer","FL","D","first",50
"710",387,27,"computer","FL","D","first",65
"711",416,27,"computer","FL","D","first",25
"712",456,27,"computer","FL","D","first",50
"713",496,27,"computer","FL","D","first",49
"714",19,27,"computer","FL","D","last",50
"715",44,27,"computer","FL","D","last",30
"716",98,27,"computer","FL","D","last",5
"717",99,27,"computer","FL","D","last",10
"718",166,27,"computer","FL","D","last",90
"719",187,27,"computer","FL","D","last",3
"720",215,27,"computer","FL","D","last",25
"721",231,27,"computer","FL","D","last",15
"722",292,27,"computer","FL","D","last",80
"723",325,27,"computer","FL","D","last",71
"724",347,27,"computer","FL","D","last",50
"725",387,27,"computer","FL","D","last",75
"726",416,27,"computer","FL","D","last",3
"727",456,27,"computer","FL","D","last",5
"728",496,27,"computer","FL","D","last",45
"729",11,28,"computer","LF","D","last",13
"730",48,28,"computer","LF","D","last",30
"731",88,28,"computer","LF","D","last",100
"732",109,28,"computer","LF","D","last",20
"733",160,28,"computer","LF","D","last",31
"734",207,28,"computer","LF","D","last",68
"735",265,28,"computer","LF","D","last",50
"736",298,28,"computer","LF","D","last",50
"737",328,28,"computer","LF","D","last",30
"738",358,28,"computer","LF","D","last",20
"739",380,28,"computer","LF","D","last",50
"740",429,28,"computer","LF","D","last",40
"741",457,28,"computer","LF","D","last",25
"742",11,28,"computer","LF","D","first",70
"743",48,28,"computer","LF","D","first",45
"744",88,28,"computer","LF","D","first",20
"745",109,28,"computer","LF","D","first",100
"746",160,28,"computer","LF","D","first",40
"747",207,28,"computer","LF","D","first",83
"748",265,28,"computer","LF","D","first",50
"749",298,28,"computer","LF","D","first",67
"750",328,28,"computer","LF","D","first",30
"751",358,28,"computer","LF","D","first",80
"752",380,28,"computer","LF","D","first",50
"753",429,28,"computer","LF","D","first",50
"754",457,28,"computer","LF","D","first",20
"755",5,29,"computer","FL","E","first",20
"756",62,29,"computer","FL","E","first",80
"757",92,29,"computer","FL","E","first",10
"758",113,29,"computer","FL","E","first",49
"759",135,29,"computer","FL","E","first",10
"760",186,29,"computer","FL","E","first",25
"761",223,29,"computer","FL","E","first",25
"762",237,29,"computer","FL","E","first",45
"763",303,29,"computer","FL","E","first",25
"764",353,29,"computer","FL","E","first",50
"765",372,29,"computer","FL","E","first",42
"766",424,29,"computer","FL","E","first",20
"767",464,29,"computer","FL","E","first",25
"768",5,29,"computer","FL","E","last",90
"769",62,29,"computer","FL","E","last",60
"770",92,29,"computer","FL","E","last",10
"771",113,29,"computer","FL","E","last",50
"772",135,29,"computer","FL","E","last",10
"773",186,29,"computer","FL","E","last",25
"774",223,29,"computer","FL","E","last",9
"775",237,29,"computer","FL","E","last",10
"776",303,29,"computer","FL","E","last",40
"777",353,29,"computer","FL","E","last",80
"778",372,29,"computer","FL","E","last",77
"779",424,29,"computer","FL","E","last",2
"780",464,29,"computer","FL","E","last",25
"781",12,30,"computer","LF","E","last",50
"782",42,30,"computer","LF","E","last",10
"783",85,30,"computer","LF","E","last",50
"784",124,30,"computer","LF","E","last",50
"785",153,30,"computer","LF","E","last",30
"786",167,30,"computer","LF","E","last",2
"787",220,30,"computer","LF","E","last",50
"788",243,30,"computer","LF","E","last",2
"789",299,30,"computer","LF","E","last",14
"790",352,30,"computer","LF","E","last",13
"791",422,30,"computer","LF","E","last",40
"792",437,30,"computer","LF","E","last",48
"793",448,30,"computer","LF","E","last",10
"794",12,30,"computer","LF","E","first",30
"795",42,30,"computer","LF","E","first",50
"796",85,30,"computer","LF","E","first",50
"797",124,30,"computer","LF","E","first",100
"798",153,30,"computer","LF","E","first",50
"799",167,30,"computer","LF","E","first",35
"800",220,30,"computer","LF","E","first",50
"801",243,30,"computer","LF","E","first",50
"802",299,30,"computer","LF","E","first",33
"803",352,30,"computer","LF","E","first",33
"804",422,30,"computer","LF","E","first",40
"805",437,30,"computer","LF","E","first",50
"806",448,30,"computer","LF","E","first",50
